PassengerId,Pclass,Sex,Age,Parch,Fare,Survived,is_test
892,3,0,34.5,0,7.8292,,1
893,3,1,47,0,7,,1
894,2,0,62,0,9.6875,,1
895,3,0,27,0,8.6625,,1
896,3,1,22,1,12.2875,,1
897,3,0,14,0,9.225,,1
898,3,1,30,0,7.6292,,1
899,2,0,26,1,29,,1
900,3,1,18,0,7.2292,,1
901,3,0,21,0,24.15,,1
903,1,0,46,0,26,,1
904,1,1,23,0,82.2667,,1
905,2,0,63,0,26,,1
906,1,1,47,0,61.175,,1
907,2,1,24,0,27.7208,,1
908,2,0,35,0,12.35,,1
909,3,0,21,0,7.225,,1
910,3,1,27,0,7.925,,1
911,3,1,45,0,7.225,,1
912,1,0,55,0,59.4,,1
913,3,0,9,1,3.1708,,1
915,1,0,21,1,61.3792,,1
916,1,1,48,3,262.375,,1
917,3,0,50,0,14.5,,1
918,1,1,22,1,61.9792,,1
919,3,0,22.5,0,7.225,,1
920,1,0,41,0,30.5,,1
922,2,0,50,0,26,,1
923,2,0,24,0,31.5,,1
924,3,1,33,2,20.575,,1
926,1,0,30,0,57.75,,1
927,3,0,18.5,0,7.2292,,1
929,3,1,21,0,8.6625,,1
930,3,0,25,0,9.5,,1
932,3,0,39,1,13.4167,,1
934,3,0,41,0,7.85,,1
935,2,1,30,0,13,,1
936,1,1,45,0,52.5542,,1
937,3,0,25,0,7.925,,1
938,1,0,45,0,29.7,,1
940,1,1,60,0,76.2917,,1
941,3,1,36,2,15.9,,1
942,1,0,24,0,60,,1
943,2,0,27,0,15.0333,,1
944,2,1,20,1,23,,1
945,1,1,28,2,263,,1
947,3,0,10,1,29.125,,1
948,3,0,35,0,7.8958,,1
949,3,0,25,0,7.65,,1
951,1,1,36,0,262.375,,1
952,3,0,17,0,7.8958,,1
953,2,0,32,0,13.5,,1
954,3,0,18,0,7.75,,1
955,3,1,22,0,7.725,,1
956,1,0,13,2,262.375,,1
958,3,1,18,0,7.8792,,1
959,1,0,47,0,42.4,,1
960,1,0,31,0,28.5375,,1
961,1,1,60,4,263,,1
962,3,1,24,0,7.75,,1
963,3,0,21,0,7.8958,,1
964,3,1,29,0,7.925,,1
965,1,0,28.5,0,27.7208,,1
966,1,1,35,0,211.5,,1
967,1,0,32.5,0,211.5,,1
969,1,1,55,0,25.7,,1
970,2,0,30,0,13,,1
971,3,1,24,0,7.75,,1
972,3,0,6,1,15.2458,,1
973,1,0,67,0,221.7792,,1
974,1,0,49,0,26,,1
978,3,1,27,0,7.8792,,1
979,3,1,18,0,8.05,,1
981,2,0,2,1,23,,1
982,3,1,22,0,13.9,,1
984,1,1,27,2,52,,1
986,1,0,25,0,26,,1
987,3,0,25,0,7.7958,,1
988,1,1,76,0,78.85,,1
989,3,0,29,0,7.925,,1
990,3,1,20,0,7.8542,,1
991,3,0,33,0,8.05,,1
992,1,1,43,0,55.4417,,1
993,2,0,27,0,26,,1
995,3,0,26,0,7.775,,1
996,3,1,16,1,8.5167,,1
997,3,0,28,0,22.525,,1
998,3,0,21,0,7.8208,,1
1001,2,0,18.5,0,13,,1
1002,2,0,41,0,15.0458,,1
1004,1,1,36,0,31.6792,,1
1005,3,1,18.5,0,7.2833,,1
1006,1,1,63,0,221.7792,,1
1007,3,0,18,0,14.4542,,1
1009,3,1,1,1,16.7,,1
1010,1,0,36,0,75.2417,,1
1011,2,1,29,0,26,,1
1012,2,1,12,0,15.75,,1
1014,1,1,35,0,57.75,,1
1015,3,0,28,0,7.25,,1
1017,3,1,17,1,16.1,,1
1018,3,0,22,0,7.7958,,1
1020,2,0,42,0,13,,1
1021,3,0,24,0,8.05,,1
1022,3,0,32,0,8.05,,1
1023,1,0,53,0,28.5,,1
1026,3,0,43,0,7.8958,,1
1027,3,0,24,0,7.8542,,1
1028,3,0,26.5,0,7.225,,1
1029,2,0,26,0,13,,1
1030,3,1,23,0,8.05,,1
1031,3,0,40,6,46.9,,1
1032,3,1,10,2,46.9,,1
1033,1,1,33,0,151.55,,1
1034,1,0,61,3,262.375,,1
1035,2,0,28,0,26,,1
1036,1,0,42,0,26.55,,1
1037,3,0,31,0,18,,1
1039,3,0,22,0,8.05,,1
1041,2,0,30,1,26,,1
1042,1,1,23,1,83.1583,,1
1045,3,1,36,2,12.1833,,1
1046,3,0,13,2,31.3875,,1
1047,3,0,24,0,7.55,,1
1048,1,1,29,0,221.7792,,1
1049,3,1,23,0,7.8542,,1
1050,1,0,42,0,26.55,,1
1051,3,1,26,2,13.775,,1
1053,3,0,7,1,15.2458,,1
1054,2,1,26,0,13.5,,1
1056,2,0,41,0,13,,1
1057,3,1,26,1,22.025,,1
1058,1,0,48,0,50.4958,,1
1059,3,0,18,2,34.375,,1
1061,3,1,22,0,8.9625,,1
1063,3,0,27,0,7.225,,1
1064,3,0,23,0,13.9,,1
1066,3,0,40,5,31.3875,,1
1067,2,1,15,2,39,,1
1068,2,1,20,0,36.75,,1
1069,1,0,54,0,55.4417,,1
1070,2,1,36,3,39,,1
1071,1,1,64,2,83.1583,,1
1072,2,0,30,0,13,,1
1073,1,0,37,1,83.1583,,1
1074,1,1,18,0,53.1,,1
1076,1,1,27,1,247.5208,,1
1077,2,0,40,0,16,,1
1078,2,1,21,1,21,,1
1079,3,0,17,0,8.05,,1
1081,2,0,40,0,13,,1
1082,2,0,34,0,26,,1
1084,3,0,11.5,1,14.5,,1
1085,2,0,61,0,12.35,,1
1086,2,0,8,2,32.5,,1
1087,3,0,33,0,7.8542,,1
1088,1,0,6,2,134.5,,1
1089,3,1,18,0,7.775,,1
1090,2,0,23,0,10.5,,1
1093,3,0,0.33,2,14.4,,1
1094,1,0,47,0,227.525,,1
1095,2,1,8,1,26,,1
1096,2,0,25,0,10.5,,1
1098,3,1,35,0,7.75,,1
1099,2,0,24,0,10.5,,1
1100,1,1,33,0,27.7208,,1
1101,3,0,25,0,7.8958,,1
1102,3,0,32,0,22.525,,1
1104,2,0,17,0,73.5,,1
1105,2,1,60,0,26,,1
1106,3,1,38,2,7.775,,1
1107,1,0,42,0,42.5,,1
1109,1,0,57,1,164.8667,,1
1110,1,1,50,1,211.5,,1
1112,2,1,30,0,13.8583,,1
1113,3,0,21,0,8.05,,1
1114,2,1,22,0,10.5,,1
1115,3,0,21,0,7.7958,,1
1116,1,1,53,0,27.4458,,1
1118,3,0,23,0,7.7958,,1
1120,3,0,40.5,0,15.1,,1
1121,2,0,36,0,13,,1
1122,2,0,14,0,65,,1
1123,1,1,21,0,26.55,,1
1124,3,0,21,0,6.4958,,1
1126,1,0,39,0,71.2833,,1
1127,3,0,20,0,7.8542,,1
1128,1,0,64,0,75.25,,1
1129,3,0,20,0,7.225,,1
1130,2,1,18,1,13,,1
1131,1,1,48,0,106.425,,1
1132,1,1,55,0,27.7208,,1
1133,2,1,45,2,30,,1
1134,1,0,45,1,134.5,,1
1137,1,0,41,0,51.8625,,1
1138,2,1,22,0,21,,1
1139,2,0,42,1,32.5,,1
1140,2,1,29,0,26,,1
1142,2,1,0.92,2,27.75,,1
1143,3,0,20,0,7.925,,1
1144,1,0,27,0,136.7792,,1
1145,3,0,24,0,9.325,,1
1146,3,0,32.5,0,9.5,,1
1149,3,0,28,0,8.05,,1
1150,2,1,19,0,13,,1
1151,3,0,21,0,7.775,,1
1152,3,0,36.5,0,17.4,,1
1153,3,0,21,0,7.8542,,1
1154,2,1,29,2,23,,1
1155,3,1,1,1,12.1833,,1
1156,2,0,30,0,12.7375,,1
1161,3,0,17,0,8.6625,,1
1162,1,0,46,0,75.2417,,1
1164,1,1,26,0,136.7792,,1
1167,2,1,20,0,26,,1
1168,2,0,28,0,10.5,,1
1169,2,0,40,0,26,,1
1170,2,0,30,0,21,,1
1171,2,0,22,0,10.5,,1
1172,3,1,23,0,8.6625,,1
1173,3,0,0.75,1,13.775,,1
1175,3,1,9,1,15.2458,,1
1176,3,1,2,1,20.2125,,1
1177,3,0,36,0,7.25,,1
1179,1,0,24,0,82.2667,,1
1183,3,1,30,0,6.95,,1
1185,1,0,53,1,81.8583,,1
1186,3,0,36,0,9.5,,1
1187,3,0,26,0,7.8958,,1
1188,2,1,1,2,41.5792,,1
1190,1,0,30,0,45.5,,1
1191,3,0,29,0,7.8542,,1
1192,3,0,32,0,7.775,,1
1194,2,0,43,1,21,,1
1195,3,0,24,0,8.6625,,1
1197,1,1,64,1,26.55,,1
1198,1,0,30,2,151.55,,1
1199,3,0,0.83,1,9.35,,1
1200,1,0,55,1,93.5,,1
1201,3,1,45,0,14.1083,,1
1202,3,0,18,0,8.6625,,1
1203,3,0,22,0,7.225,,1
1205,3,1,37,0,7.75,,1
1206,1,1,55,0,135.6333,,1
1207,3,1,17,0,7.7333,,1
1208,1,0,57,0,146.5208,,1
1209,2,0,19,0,10.5,,1
1210,3,0,27,0,7.8542,,1
1211,2,0,22,0,31.5,,1
1212,3,0,26,0,7.775,,1
1213,3,0,25,0,7.2292,,1
1214,2,0,26,0,13,,1
1215,1,0,33,0,26.55,,1
1216,1,1,39,0,211.3375,,1
1217,3,0,23,0,7.05,,1
1218,2,1,12,1,39,,1
1219,1,0,46,0,79.2,,1
1220,2,0,29,0,26,,1
1221,2,0,21,0,13,,1
1222,2,1,48,2,36.75,,1
1223,1,0,39,0,29.7,,1
1225,3,1,19,1,15.7417,,1
1226,3,0,27,0,7.8958,,1
1227,1,0,30,0,26,,1
1228,2,0,32,0,13,,1
1229,3,0,39,2,7.2292,,1
1230,2,0,25,0,31.5,,1
1232,2,0,18,0,10.5,,1
1233,3,0,32,0,7.5792,,1
1235,1,1,58,1,512.3292,,1
1237,3,1,16,0,7.65,,1
1238,2,0,26,0,13,,1
1239,3,1,38,0,7.2292,,1
1240,2,0,24,0,13.5,,1
1241,2,1,31,0,21,,1
1242,1,1,45,1,63.3583,,1
1243,2,0,25,0,10.5,,1
1244,2,0,18,0,73.5,,1
1245,2,0,49,2,65,,1
1246,3,1,0.17,2,20.575,,1
1247,1,0,50,0,26,,1
1248,1,1,59,0,51.4792,,1
1251,3,1,30,0,15.55,,1
1252,3,0,14.5,2,69.55,,1
1253,2,1,24,1,37.0042,,1
1254,2,1,31,0,21,,1
1255,3,0,27,0,8.6625,,1
1256,1,1,25,0,55.4417,,1
1259,3,1,22,0,39.6875,,1
1260,1,1,45,1,59.4,,1
1261,2,0,29,0,13.8583,,1
1262,2,0,21,0,11.5,,1
1263,1,1,31,0,134.5,,1
1264,1,0,49,0,0,,1
1265,2,0,44,0,13,,1
1266,1,1,54,1,81.8583,,1
1267,1,1,45,0,262.375,,1
1268,3,1,22,0,8.6625,,1
1269,2,0,21,0,11.5,,1
1270,1,0,55,0,50,,1
1271,3,0,5,2,31.3875,,1
1273,3,0,26,0,7.8792,,1
1275,3,1,19,0,16.1,,1
1277,2,1,24,2,65,,1
1278,3,0,24,0,7.775,,1
1279,2,0,57,0,13,,1
1280,3,0,21,0,7.75,,1
1281,3,0,6,1,21.075,,1
1282,1,0,23,0,93.5,,1
1283,1,1,51,1,39.4,,1
1284,3,0,13,2,20.25,,1
1285,2,0,47,0,10.5,,1
1286,3,0,29,1,22.025,,1
1287,1,1,18,0,60,,1
1288,3,0,24,0,7.25,,1
1289,1,1,48,1,79.2,,1
1290,3,0,22,0,7.775,,1
1291,3,0,31,0,7.7333,,1
1292,1,1,30,0,164.8667,,1
1293,2,0,38,0,21,,1
1294,1,1,22,1,59.4,,1
1295,1,0,17,0,47.1,,1
1296,1,0,43,0,27.7208,,1
1297,2,0,20,0,13.8625,,1
1298,2,0,23,0,10.5,,1
1299,1,0,50,1,211.5,,1
1301,3,1,3,1,13.775,,1
1303,1,1,37,0,90,,1
1304,3,1,28,0,7.775,,1
1306,1,1,39,0,108.9,,1
1307,3,0,38.5,0,7.25,,1
1,3,0,22,0,7.25,0,0
2,1,1,38,0,71.2833,1,0
3,3,1,26,0,7.925,1,0
4,1,1,35,0,53.1,1,0
5,3,0,35,0,8.05,0,0
7,1,0,54,0,51.8625,0,0
8,3,0,2,1,21.075,0,0
9,3,1,27,2,11.1333,1,0
10,2,1,14,0,30.0708,1,0
11,3,1,4,1,16.7,1,0
12,1,1,58,0,26.55,1,0
13,3,0,20,0,8.05,0,0
14,3,0,39,5,31.275,0,0
15,3,1,14,0,7.8542,0,0
16,2,1,55,0,16,1,0
17,3,0,2,1,29.125,0,0
19,3,1,31,0,18,0,0
21,2,0,35,0,26,0,0
22,2,0,34,0,13,1,0
23,3,1,15,0,8.0292,1,0
24,1,0,28,0,35.5,1,0
25,3,1,8,1,21.075,0,0
26,3,1,38,5,31.3875,1,0
28,1,0,19,2,263,0,0
31,1,0,40,0,27.7208,0,0
34,2,0,66,0,10.5,0,0
35,1,0,28,0,82.1708,0,0
36,1,0,42,0,52,0,0
38,3,0,21,0,8.05,0,0
39,3,1,18,0,18,0,0
40,3,1,14,0,11.2417,1,0
41,3,1,40,0,9.475,0,0
42,2,1,27,0,21,0,0
44,2,1,3,2,41.5792,1,0
45,3,1,19,0,7.8792,1,0
50,3,1,18,0,17.8,0,0
51,3,0,7,1,39.6875,0,0
52,3,0,21,0,7.8,0,0
53,1,1,49,0,76.7292,1,0
54,2,1,29,0,26,1,0
55,1,0,65,1,61.9792,0,0
57,2,1,21,0,10.5,1,0
58,3,0,28.5,0,7.2292,0,0
59,2,1,5,2,27.75,1,0
60,3,0,11,2,46.9,0,0
61,3,0,22,0,7.2292,0,0
62,1,1,38,0,80,1,0
63,1,0,45,0,83.475,0,0
64,3,0,4,2,27.9,0,0
67,2,1,29,0,10.5,1,0
68,3,0,19,0,8.1583,0,0
69,3,1,17,2,7.925,1,0
70,3,0,26,0,8.6625,0,0
71,2,0,32,0,10.5,0,0
72,3,1,16,2,46.9,0,0
73,2,0,21,0,73.5,0,0
74,3,0,26,0,14.4542,0,0
75,3,0,32,0,56.4958,1,0
76,3,0,25,0,7.65,0,0
79,2,0,0.83,2,29,1,0
80,3,1,30,0,12.475,1,0
81,3,0,22,0,9,0,0
82,3,0,29,0,9.5,1,0
84,1,0,28,0,47.1,0,0
85,2,1,17,0,10.5,1,0
86,3,1,33,0,15.85,1,0
87,3,0,16,3,34.375,0,0
89,1,1,23,2,263,1,0
90,3,0,24,0,8.05,0,0
91,3,0,29,0,8.05,0,0
92,3,0,20,0,7.8542,0,0
93,1,0,46,0,61.175,0,0
94,3,0,26,2,20.575,0,0
95,3,0,59,0,7.25,0,0
97,1,0,71,0,34.6542,0,0
98,1,0,23,1,63.3583,1,0
99,2,1,34,1,23,1,0
100,2,0,34,0,26,0,0
101,3,1,28,0,7.8958,0,0
103,1,0,21,1,77.2875,0,0
104,3,0,33,0,8.6542,0,0
105,3,0,37,0,7.925,0,0
106,3,0,28,0,7.8958,0,0
107,3,1,21,0,7.65,1,0
109,3,0,38,0,7.8958,0,0
111,1,0,47,0,52,0,0
112,3,1,14.5,0,14.4542,0,0
113,3,0,22,0,8.05,0,0
114,3,1,20,0,9.825,0,0
115,3,1,17,0,14.4583,0,0
116,3,0,21,0,7.925,0,0
117,3,0,70.5,0,7.75,0,0
118,2,0,29,0,21,0,0
119,1,0,24,1,247.5208,0,0
120,3,1,2,2,31.275,0,0
121,2,0,21,0,73.5,0,0
123,2,0,32.5,0,30.0708,0,0
124,2,1,32.5,0,13,1,0
125,1,0,54,1,77.2875,0,0
126,3,0,12,0,11.2417,1,0
128,3,0,24,0,7.1417,1,0
130,3,0,45,0,6.975,0,0
131,3,0,33,0,7.8958,0,0
132,3,0,20,0,7.05,0,0
133,3,1,47,0,14.5,0,0
134,2,1,29,0,26,1,0
135,2,0,25,0,13,0,0
136,2,0,23,0,15.0458,0,0
137,1,1,19,2,26.2833,1,0
138,1,0,37,0,53.1,0,0
139,3,0,16,0,9.2167,0,0
140,1,0,24,0,79.2,0,0
142,3,1,22,0,7.75,1,0
143,3,1,24,0,15.85,1,0
144,3,0,19,0,6.75,0,0
145,2,0,18,0,11.5,0,0
146,2,0,19,1,36.75,0,0
147,3,0,27,0,7.7958,1,0
148,3,1,9,2,34.375,0,0
149,2,0,36.5,2,26,0,0
150,2,0,42,0,13,0,0
151,2,0,51,0,12.525,0,0
152,1,1,22,0,66.6,1,0
153,3,0,55.5,0,8.05,0,0
154,3,0,40.5,2,14.5,0,0
156,1,0,51,1,61.3792,0,0
157,3,1,16,0,7.7333,1,0
158,3,0,30,0,8.05,0,0
161,3,0,44,1,16.1,0,0
162,2,1,40,0,15.75,1,0
163,3,0,26,0,7.775,0,0
164,3,0,17,0,8.6625,0,0
165,3,0,1,1,39.6875,0,0
166,3,0,9,2,20.525,1,0
168,3,1,45,4,27.9,0,0
170,3,0,28,0,56.4958,0,0
171,1,0,61,0,33.5,0,0
172,3,0,4,1,29.125,0,0
173,3,1,1,1,11.1333,1,0
174,3,0,21,0,7.925,0,0
175,1,0,56,0,30.6958,0,0
176,3,0,18,1,7.8542,0,0
178,1,1,50,0,28.7125,0,0
179,2,0,30,0,13,0,0
180,3,0,36,0,0,0,0
183,3,0,9,2,31.3875,0,0
184,2,0,1,1,39,1,0
185,3,1,4,2,22.025,1,0
188,1,0,45,0,26.55,1,0
189,3,0,40,1,15.5,0,0
190,3,0,36,0,7.8958,0,0
191,2,1,32,0,13,1,0
192,2,0,19,0,13,0,0
193,3,1,19,0,7.8542,1,0
194,2,0,3,1,26,1,0
195,1,1,44,0,27.7208,1,0
196,1,1,58,0,146.5208,1,0
198,3,0,42,1,8.4042,0,0
200,2,1,24,0,13,0,0
201,3,0,28,0,9.5,0,0
203,3,0,34,0,6.4958,0,0
204,3,0,45.5,0,7.225,0,0
205,3,0,18,0,8.05,1,0
206,3,1,2,1,10.4625,0,0
207,3,0,32,0,15.85,0,0
208,3,0,26,0,18.7875,1,0
209,3,1,16,0,7.75,1,0
210,1,0,40,0,31,1,0
211,3,0,24,0,7.05,0,0
212,2,1,35,0,21,1,0
213,3,0,22,0,7.25,0,0
214,2,0,30,0,13,0,0
216,1,1,31,0,113.275,1,0
217,3,1,27,0,7.925,1,0
218,2,0,42,0,27,0,0
219,1,1,32,0,76.2917,1,0
220,2,0,30,0,10.5,0,0
221,3,0,16,0,8.05,1,0
222,2,0,27,0,13,0,0
223,3,0,51,0,8.05,0,0
225,1,0,38,0,90,1,0
226,3,0,22,0,9.35,0,0
227,2,0,19,0,10.5,1,0
228,3,0,20.5,0,7.25,0,0
229,2,0,18,0,13,0,0
231,1,1,35,0,83.475,1,0
232,3,0,29,0,7.775,0,0
233,2,0,59,0,13.5,0,0
234,3,1,5,2,31.3875,1,0
235,2,0,24,0,10.5,0,0
237,2,0,44,0,26,0,0
238,2,1,8,2,26.25,1,0
239,2,0,19,0,10.5,0,0
240,2,0,33,0,12.275,0,0
243,2,0,29,0,10.5,0,0
244,3,0,22,0,7.125,0,0
245,3,0,30,0,7.225,0,0
246,1,0,44,0,90,0,0
247,3,1,25,0,7.775,0,0
248,2,1,24,2,14.5,1,0
249,1,0,37,1,52.5542,1,0
250,2,0,54,0,26,0,0
252,3,1,29,1,10.4625,0,0
253,1,0,62,0,26.55,0,0
254,3,0,30,0,16.1,0,0
255,3,1,41,2,20.2125,0,0
256,3,1,29,2,15.2458,1,0
258,1,1,30,0,86.5,1,0
259,1,1,35,0,512.3292,1,0
260,2,1,50,1,26,1,0
262,3,0,3,2,31.3875,1,0
263,1,0,52,1,79.65,0,0
264,1,0,40,0,0,0,0
266,2,0,36,0,10.5,0,0
267,3,0,16,1,39.6875,0,0
268,3,0,25,0,7.775,1,0
269,1,1,58,1,153.4625,1,0
270,1,1,35,0,135.6333,1,0
272,3,0,25,0,0,1,0
273,2,1,41,1,19.5,1,0
274,1,0,37,1,29.7,0,0
276,1,1,63,0,77.9583,1,0
277,3,1,45,0,7.75,0,0
279,3,0,7,1,29.125,0,0
280,3,1,35,1,20.25,1,0
281,3,0,65,0,7.75,0,0
282,3,0,28,0,7.8542,0,0
283,3,0,16,0,9.5,0,0
284,3,0,19,0,8.05,1,0
286,3,0,33,0,8.6625,0,0
287,3,0,30,0,9.5,1,0
288,3,0,22,0,7.8958,0,0
289,2,0,42,0,13,1,0
290,3,1,22,0,7.75,1,0
291,1,1,26,0,78.85,1,0
292,1,1,19,0,91.0792,1,0
293,2,0,36,0,12.875,0,0
294,3,1,24,0,8.85,0,0
295,3,0,24,0,7.8958,0,0
297,3,0,23.5,0,7.2292,0,0
298,1,1,2,2,151.55,0,0
300,1,1,50,1,247.5208,1,0
303,3,0,19,0,0,0,0
306,1,0,0.92,2,151.55,1,0
308,1,1,17,0,108.9,1,0
309,2,0,30,0,24,0,0
310,1,1,30,0,56.9292,1,0
311,1,1,24,0,83.1583,1,0
312,1,1,18,2,262.375,1,0
313,2,1,26,1,26,0,0
314,3,0,28,0,7.8958,0,0
315,2,0,43,1,26.25,0,0
316,3,1,26,0,7.8542,1,0
317,2,1,24,0,26,1,0
318,2,0,54,0,14,0,0
319,1,1,31,2,164.8667,1,0
320,1,1,40,1,134.5,1,0
321,3,0,22,0,7.25,0,0
322,3,0,27,0,7.8958,0,0
323,2,1,30,0,12.35,1,0
324,2,1,22,1,29,1,0
326,1,1,36,0,135.6333,1,0
327,3,0,61,0,6.2375,0,0
328,2,1,36,0,13,1,0
329,3,1,31,1,20.525,1,0
330,1,1,16,1,57.9792,1,0
332,1,0,45.5,0,28.5,0,0
333,1,0,38,1,153.4625,0,0
334,3,0,16,0,18,0,0
337,1,0,29,0,66.6,0,0
338,1,1,41,0,134.5,1,0
339,3,0,45,0,8.05,1,0
340,1,0,45,0,35.5,0,0
341,2,0,2,1,26,1,0
342,1,1,24,2,263,1,0
343,2,0,28,0,13,0,0
344,2,0,25,0,13,0,0
345,2,0,36,0,13,0,0
346,2,1,24,0,13,1,0
347,2,1,40,0,13,1,0
349,3,0,3,1,15.9,1,0
350,3,0,42,0,8.6625,0,0
351,3,0,23,0,9.225,0,0
353,3,0,15,1,7.2292,0,0
354,3,0,25,0,17.8,0,0
356,3,0,28,0,9.5,0,0
357,1,1,22,1,55,1,0
358,2,1,38,0,13,0,0
361,3,0,40,4,27.9,0,0
362,2,0,29,0,27.7208,0,0
363,3,1,45,1,14.4542,0,0
364,3,0,35,0,7.05,0,0
366,3,0,30,0,7.25,0,0
367,1,1,60,0,75.25,1,0
370,1,1,24,0,69.3,1,0
371,1,0,25,0,55.4417,1,0
372,3,0,18,0,6.4958,0,0
373,3,0,19,0,8.05,0,0
374,1,0,22,0,135.6333,0,0
375,3,1,3,1,21.075,0,0
377,3,1,22,0,7.25,1,0
378,1,0,27,2,211.5,0,0
379,3,0,20,0,4.0125,0,0
380,3,0,19,0,7.775,0,0
381,1,1,42,0,227.525,1,0
382,3,1,1,2,15.7417,1,0
383,3,0,32,0,7.925,0,0
384,1,1,35,0,52,1,0
386,2,0,18,0,73.5,0,0
387,3,0,1,2,46.9,0,0
388,2,1,36,0,13,1,0
390,2,1,17,0,12,1,0
391,1,0,36,2,120,1,0
392,3,0,21,0,7.7958,1,0
393,3,0,28,0,7.925,0,0
394,1,1,23,0,113.275,1,0
395,3,1,24,2,16.7,1,0
396,3,0,22,0,7.7958,0,0
397,3,1,31,0,7.8542,0,0
398,2,0,46,0,26,0,0
399,2,0,23,0,10.5,0,0
400,2,1,28,0,12.65,1,0
401,3,0,39,0,7.925,1,0
402,3,0,26,0,8.05,0,0
403,3,1,21,0,9.825,0,0
404,3,0,28,0,15.85,0,0
405,3,1,20,0,8.6625,0,0
406,2,0,34,0,21,0,0
407,3,0,51,0,7.75,0,0
408,2,0,3,1,18.75,1,0
409,3,0,21,0,7.775,0,0
413,1,1,33,0,90,1,0
415,3,0,44,0,7.925,1,0
417,2,1,34,1,32.5,1,0
418,2,1,18,2,13,1,0
419,2,0,30,0,13,0,0
420,3,1,10,2,24.15,0,0
422,3,0,21,0,7.7333,0,0
423,3,0,29,0,7.875,0,0
424,3,1,28,1,14.4,0,0
425,3,0,18,1,20.2125,0,0
427,2,1,28,0,26,1,0
428,2,1,19,0,26,1,0
430,3,0,32,0,8.05,1,0
431,1,0,28,0,26.55,1,0
433,2,1,42,0,26,1,0
434,3,0,17,0,7.125,0,0
435,1,0,50,0,55.9,0,0
436,1,1,14,2,120,1,0
437,3,1,21,2,34.375,0,0
438,2,1,24,3,18.75,1,0
439,1,0,64,4,263,0,0
440,2,0,31,0,10.5,0,0
441,2,1,45,1,26.25,1,0
442,3,0,20,0,9.5,0,0
443,3,0,25,0,7.775,0,0
444,2,1,28,0,13,1,0
446,1,0,4,2,81.8583,1,0
447,2,1,13,1,19.5,1,0
448,1,0,34,0,26.55,1,0
449,3,1,5,1,19.2583,1,0
450,1,0,52,0,30.5,1,0
451,2,0,36,2,27.75,0,0
453,1,0,30,0,27.75,0,0
454,1,0,49,0,89.1042,1,0
456,3,0,29,0,7.8958,1,0
457,1,0,65,0,26.55,0,0
459,2,1,50,0,10.5,1,0
461,1,0,48,0,26.55,1,0
462,3,0,34,0,8.05,0,0
463,1,0,47,0,38.5,0,0
464,2,0,48,0,13,0,0
466,3,0,38,0,7.05,0,0
468,1,0,56,0,26.55,0,0
470,3,1,0.75,1,19.2583,1,0
472,3,0,38,0,8.6625,0,0
473,2,1,33,2,27.75,1,0
474,2,1,23,0,13.7917,1,0
475,3,1,22,0,9.8375,0,0
477,2,0,34,0,21,0,0
478,3,0,29,0,7.0458,0,0
479,3,0,22,0,7.5208,0,0
480,3,1,2,1,12.2875,1,0
481,3,0,9,2,46.9,0,0
483,3,0,50,0,8.05,0,0
484,3,1,63,0,9.5875,1,0
485,1,0,25,0,91.0792,1,0
487,1,1,35,0,90,1,0
488,1,0,58,0,29.7,0,0
489,3,0,30,0,8.05,0,0
490,3,0,9,1,15.9,1,0
492,3,0,21,0,7.25,0,0
493,1,0,55,0,30.5,0,0
494,1,0,71,0,49.5042,0,0
495,3,0,21,0,8.05,0,0
497,1,1,54,0,78.2667,1,0
499,1,1,25,2,151.55,0,0
500,3,0,24,0,7.7958,0,0
501,3,0,17,0,8.6625,0,0
502,3,1,21,0,7.75,0,0
504,3,1,37,0,9.5875,0,0
505,1,1,16,0,86.5,1,0
506,1,0,18,0,108.9,0,0
507,2,1,33,2,26,1,0
509,3,0,28,0,22.525,0,0
510,3,0,26,0,56.4958,1,0
511,3,0,29,0,7.75,1,0
513,1,0,36,0,26.2875,1,0
514,1,1,54,0,59.4,1,0
515,3,0,24,0,7.4958,0,0
516,1,0,47,0,34.0208,0,0
517,2,1,34,0,10.5,1,0
519,2,1,36,0,26,1,0
520,3,0,32,0,7.8958,0,0
521,1,1,30,0,93.5,1,0
522,3,0,22,0,7.8958,0,0
524,1,1,44,1,57.9792,1,0
526,3,0,40.5,0,7.75,0,0
527,2,1,50,0,10.5,1,0
529,3,0,39,0,7.925,0,0
530,2,0,23,1,11.5,0,0
531,2,1,2,1,26,1,0
533,3,0,17,1,7.2292,0,0
535,3,1,30,0,8.6625,0,0
536,2,1,7,2,26.25,1,0
537,1,0,45,0,26.55,0,0
538,1,1,30,0,106.425,1,0
540,1,1,22,2,49.5,1,0
541,1,1,36,2,71,1,0
542,3,1,9,2,31.275,0,0
543,3,1,11,2,31.275,0,0
544,2,0,32,0,26,1,0
545,1,0,50,0,106.425,0,0
546,1,0,64,0,26,0,0
547,2,1,19,0,26,1,0
549,3,0,33,1,20.525,0,0
550,2,0,8,1,36.75,1,0
551,1,0,17,2,110.8833,1,0
552,2,0,27,0,26,0,0
554,3,0,22,0,7.225,1,0
555,3,1,22,0,7.775,1,0
556,1,0,62,0,26.55,0,0
557,1,1,48,0,39.6,1,0
559,1,1,39,1,79.65,1,0
560,3,1,36,0,17.4,1,0
562,3,0,40,0,7.8958,0,0
563,2,0,28,0,13.5,0,0
566,3,0,24,0,24.15,0,0
567,3,0,19,0,7.8958,0,0
568,3,1,29,4,21.075,0,0
570,3,0,32,0,7.8542,1,0
571,2,0,62,0,10.5,1,0
572,1,1,53,0,51.4792,1,0
573,1,0,36,0,26.3875,1,0
575,3,0,16,0,8.05,0,0
576,3,0,19,0,14.5,0,0
577,2,1,34,0,13,1,0
578,1,1,39,0,55.9,1,0
580,3,0,32,0,7.925,1,0
581,2,1,25,1,30,1,0
582,1,1,39,1,110.8833,1,0
583,2,0,54,0,26,0,0
584,1,0,36,0,40.125,0,0
586,1,1,18,2,79.65,1,0
587,2,0,47,0,15,0,0
588,1,0,60,1,79.2,1,0
589,3,0,22,0,8.05,0,0
591,3,0,35,0,7.125,0,0
592,1,1,52,0,78.2667,1,0
593,3,0,47,0,7.25,0,0
595,2,0,37,0,26,0,0
596,3,0,36,1,24.15,0,0
598,3,0,49,0,0,0,0
600,1,0,49,0,56.9292,1,0
601,2,1,24,1,27,1,0
604,3,0,44,0,8.05,0,0
605,1,0,35,0,26.55,1,0
606,3,0,36,0,15.55,0,0
607,3,0,30,0,7.8958,0,0
608,1,0,27,0,30.5,1,0
609,2,1,22,2,41.5792,1,0
610,1,1,40,0,153.4625,1,0
611,3,1,39,5,31.275,0,0
615,3,0,35,0,8.05,0,0
616,2,1,24,2,65,1,0
617,3,0,34,1,14.4,0,0
618,3,1,26,0,16.1,0,0
619,2,1,4,1,39,1,0
620,2,0,26,0,10.5,0,0
621,3,0,27,0,14.4542,0,0
622,1,0,42,0,52.5542,1,0
623,3,0,20,1,15.7417,1,0
624,3,0,21,0,7.8542,0,0
625,3,0,21,0,16.1,0,0
626,1,0,61,0,32.3208,0,0
627,2,0,57,0,12.35,0,0
628,1,1,21,0,77.9583,1,0
629,3,0,26,0,7.8958,0,0
631,1,0,80,0,30,1,0
632,3,0,51,0,7.0542,0,0
633,1,0,32,0,30.5,1,0
635,3,1,9,2,27.9,0,0
636,2,1,28,0,13,1,0
637,3,0,32,0,7.925,0,0
638,2,0,31,1,26.25,0,0
639,3,1,41,5,39.6875,0,0
641,3,0,20,0,7.8542,0,0
642,1,1,24,0,69.3,1,0
643,3,1,2,2,27.9,0,0
645,3,1,0.75,1,19.2583,1,0
646,1,0,48,0,76.7292,1,0
647,3,0,19,0,7.8958,0,0
648,1,0,56,0,35.5,1,0
650,3,1,23,0,7.55,1,0
652,2,1,18,1,23,1,0
653,3,0,21,0,8.4333,0,0
655,3,1,18,0,6.75,0,0
656,2,0,24,0,73.5,0,0
658,3,1,32,1,15.5,0,0
659,2,0,23,0,13,0,0
660,1,0,58,2,113.275,0,0
661,1,0,50,0,133.65,1,0
662,3,0,40,0,7.225,0,0
663,1,0,47,0,25.5875,0,0
664,3,0,36,0,7.4958,0,0
665,3,0,20,0,7.925,1,0
666,2,0,32,0,73.5,0,0
667,2,0,25,0,13,0,0
669,3,0,43,0,8.05,0,0
671,2,1,40,1,39,1,0
672,1,0,31,0,52,0,0
673,2,0,70,0,10.5,0,0
674,2,0,31,0,13,1,0
676,3,0,18,0,7.775,0,0
677,3,0,24.5,0,8.05,0,0
678,3,1,18,0,9.8417,1,0
679,3,1,43,6,46.9,0,0
680,1,0,36,1,512.3292,1,0
682,1,0,27,0,76.7292,1,0
683,3,0,20,0,9.225,0,0
684,3,0,14,2,46.9,0,0
685,2,0,60,1,39,0,0
686,2,0,25,2,41.5792,0,0
687,3,0,14,1,39.6875,0,0
688,3,0,19,0,10.1708,0,0
689,3,0,18,0,7.7958,0,0
690,1,1,15,1,211.3375,1,0
691,1,0,31,0,57,1,0
692,3,1,4,1,13.4167,1,0
694,3,0,25,0,7.225,0,0
695,1,0,60,0,26.55,0,0
696,2,0,52,0,13.5,0,0
697,3,0,44,0,8.05,0,0
699,1,0,49,1,110.8833,0,0
700,3,0,42,0,7.65,0,0
701,1,1,18,0,227.525,1,0
702,1,0,35,0,26.2875,1,0
703,3,1,18,1,14.4542,0,0
704,3,0,25,0,7.7417,0,0
705,3,0,26,0,7.8542,0,0
706,2,0,39,0,26,0,0
707,2,1,45,0,13.5,1,0
708,1,0,42,0,26.2875,1,0
709,1,1,22,0,151.55,1,0
711,1,1,24,0,49.5042,1,0
713,1,0,48,0,52,1,0
714,3,0,29,0,9.4833,0,0
715,2,0,52,0,13,0,0
716,3,0,19,0,7.65,0,0
717,1,1,38,0,227.525,1,0
718,2,1,27,0,10.5,1,0
720,3,0,33,0,7.775,0,0
721,2,1,6,1,33,1,0
722,3,0,17,0,7.0542,0,0
723,2,0,34,0,13,0,0
724,2,0,50,0,13,0,0
725,1,0,27,0,53.1,1,0
726,3,0,20,0,8.6625,0,0
727,2,1,30,0,21,1,0
729,2,0,25,0,26,0,0
730,3,1,25,0,7.925,0,0
731,1,1,29,0,211.3375,1,0
732,3,0,11,0,18.7875,0,0
734,2,0,23,0,13,0,0
735,2,0,23,0,13,0,0
736,3,0,28.5,0,16.1,0,0
737,3,1,48,3,34.375,0,0
738,1,0,35,0,512.3292,1,0
742,1,0,36,0,78.85,0,0
743,1,1,21,2,262.375,1,0
744,3,0,24,0,16.1,0,0
745,3,0,31,0,7.925,1,0
746,1,0,70,1,71,0,0
747,3,0,16,1,20.25,0,0
748,2,1,30,0,13,1,0
749,1,0,19,0,53.1,0,0
750,3,0,31,0,7.75,0,0
751,2,1,4,1,23,1,0
752,3,0,6,1,12.475,1,0
753,3,0,33,0,9.5,0,0
754,3,0,23,0,7.8958,0,0
755,2,1,48,2,65,1,0
756,2,0,0.67,1,14.5,1,0
757,3,0,28,0,7.7958,0,0
758,2,0,18,0,11.5,0,0
759,3,0,34,0,8.05,0,0
760,1,1,33,0,86.5,1,0
762,3,0,41,0,7.125,0,0
763,3,0,20,0,7.2292,1,0
764,1,1,36,2,120,1,0
765,3,0,16,0,7.775,0,0
766,1,1,51,0,77.9583,1,0
768,3,1,30.5,0,7.75,0,0
770,3,0,32,0,8.3625,0,0
771,3,0,24,0,9.5,0,0
772,3,0,48,0,7.8542,0,0
773,2,1,57,0,10.5,0,0
775,2,1,54,3,23,1,0
776,3,0,18,0,7.75,0,0
778,3,1,5,0,12.475,1,0
780,1,1,43,1,211.3375,1,0
781,3,1,13,0,7.2292,1,0
782,1,1,17,0,57,1,0
783,1,0,29,0,30,0,0
785,3,0,25,0,7.05,0,0
786,3,0,25,0,7.25,0,0
787,3,1,18,0,7.4958,1,0
788,3,0,8,1,29.125,0,0
789,3,0,1,2,20.575,1,0
790,1,0,46,0,79.2,0,0
792,2,0,16,0,26,0,0
795,3,0,25,0,7.8958,0,0
796,2,0,39,0,13,0,0
797,1,1,49,0,25.9292,1,0
798,3,1,31,0,8.6833,1,0
799,3,0,30,0,7.2292,0,0
800,3,1,30,1,24.15,0,0
801,2,0,34,0,13,0,0
802,2,1,31,1,26.25,1,0
803,1,0,11,2,120,1,0
804,3,0,0.42,1,8.5167,1,0
805,3,0,27,0,6.975,1,0
806,3,0,31,0,7.775,0,0
807,1,0,39,0,0,0,0
808,3,1,18,0,7.775,0,0
809,2,0,39,0,13,0,0
810,1,1,33,0,53.1,1,0
811,3,0,26,0,7.8875,0,0
812,3,0,39,0,24.15,0,0
813,2,0,35,0,10.5,0,0
814,3,1,6,2,31.275,0,0
815,3,0,30.5,0,8.05,0,0
817,3,1,23,0,7.925,0,0
818,2,0,31,1,37.0042,0,0
819,3,0,43,0,6.45,0,0
820,3,0,10,2,27.9,0,0
821,1,1,52,1,93.5,1,0
822,3,0,27,0,8.6625,1,0
823,1,0,38,0,0,0,0
824,3,1,27,1,12.475,1,0
825,3,0,2,1,39.6875,0,0
828,2,0,1,2,37.0042,1,0
830,1,1,62,0,80,1,0
831,3,1,15,0,14.4542,1,0
832,2,0,0.83,1,18.75,1,0
834,3,0,23,0,7.8542,0,0
835,3,0,18,0,8.3,0,0
836,1,1,39,1,83.1583,1,0
837,3,0,21,0,8.6625,0,0
839,3,0,32,0,56.4958,1,0
841,3,0,20,0,7.925,0,0
842,2,0,16,0,10.5,0,0
843,1,1,30,0,31,1,0
844,3,0,34.5,0,6.4375,0,0
845,3,0,17,0,8.6625,0,0
846,3,0,42,0,7.55,0,0
848,3,0,35,0,7.8958,0,0
849,2,0,28,1,33,0,0
851,3,0,4,2,31.275,0,0
852,3,0,74,0,7.775,0,0
853,3,1,9,1,15.2458,0,0
854,1,1,16,1,39.4,1,0
855,2,1,44,0,26,0,0
856,3,1,18,1,9.35,1,0
857,1,1,45,1,164.8667,1,0
858,1,0,51,0,26.55,1,0
859,3,1,24,3,19.2583,1,0
861,3,0,41,0,14.1083,0,0
862,2,0,21,0,11.5,0,0
863,1,1,48,0,25.9292,1,0
865,2,0,24,0,13,0,0
866,2,1,42,0,13,1,0
867,2,1,27,0,13.8583,1,0
868,1,0,31,0,50.4958,0,0
870,3,0,4,1,11.1333,1,0
871,3,0,26,0,7.8958,0,0
872,1,1,47,1,52.5542,1,0
873,1,0,33,0,5,0,0
874,3,0,47,0,9,0,0
875,2,1,28,0,24,1,0
876,3,1,15,0,7.225,1,0
877,3,0,20,0,9.8458,0,0
878,3,0,19,0,7.8958,0,0
880,1,1,56,1,83.1583,1,0
881,2,1,25,1,26,1,0
882,3,0,33,0,7.8958,0,0
883,3,1,22,0,10.5167,0,0
884,2,0,28,0,10.5,0,0
885,3,0,25,0,7.05,0,0
886,3,1,39,5,29.125,0,0
887,2,0,27,0,13,0,0
888,1,1,19,0,30,1,0
890,1,0,26,0,30,1,0
891,3,0,32,0,7.75,0,0
